env_steps,grad_steps,eval_return,eval_std,train_return,episodes,wall_time,wm_loss,recon,rew_loss,cont_loss,kl,wm_gradnorm,actor_loss,critic_loss,imag_return,imag_reward,imag_value,entropy,actor_gradnorm,critic_gradnorm
1000,1,10.6,0.8,25.2,41,1.801954746246338,8.355923652648926,4.354038715362549,1.3523094654083252,0.8192199468612671,1.888155221939087,12.079100608825684,-0.28066498041152954,0.3856056034564972,1.728829026222229,0.832099199295044,0.09354989230632782,0.6790621876716614,0.09260652959346771,2.4936363697052
2000,201,44.8,10.127191120937729,54.4,92,66.66116189956665,5.805489265918732,3.8657626450061797,0.9243411871790886,0.7017514183372259,0.7971987108886242,1.7175808255374432,-6.460013606846332,6.773325043320656,8.143011407852173,1.0057228338718414,2.9490371331572534,0.25770686570554974,0.7773496100434568,24.56778473675251
3000,401,227.4,41.95521421706723,111.1,99,134.96465039253235,5.695051074028015,3.7692687034606935,0.9193964552879333,0.1805980654899031,0.8278958076238632,1.4756553061306477,-10.016246953010558,9.993009722232818,12.170043168067933,0.9956119811534881,8.80999335050583,0.1098724077269435,0.4906296032480896,36.58172761917114
4000,601,248.8,27.95997138768207,199.7,102,205.69291162490845,5.679697451591491,3.7623042023181914,0.9193350753188133,0.09188818842638284,0.8577036085724831,1.1417777030169964,-13.511629509925843,9.705057554244995,15.5211154794693,0.9939372909069061,11.753536806106567,0.10760086312890053,0.15983584173955023,39.98852222442627
5000,801,309.4,22.00545386943882,272.3,107,276.87785816192627,5.639636726379394,3.731591752767563,0.9194131019711494,0.05356926876178477,0.8516881653666496,0.8525192571431398,-17.450599632263184,9.193611042499542,19.51638702392578,0.9949215704202652,15.392250289916992,0.13332836344838142,0.06828718434553593,41.785946979522706
6000,1001,272.0,57.73387220687696,217.4,111,345.8246805667877,5.628748490810394,3.7269817292690277,0.9195019230246544,0.03491074044439301,0.8441840288043022,0.8395827936381102,-21.564623861312867,8.47246975183487,23.716789026260376,0.9955902028083802,19.534269752502443,0.15824711129069327,0.05911976583302021,42.612917537689206
7000,1201,160.6,10.287856919689348,208.7,115,430.25428462028503,5.623306431770325,3.716466828584671,0.9193745893239975,0.03086845126039407,0.8270777094364167,0.7055450451374053,-25.6404536819458,7.5393960309028625,28.26830108642578,0.9967269793152809,24.2534840965271,0.21853375807404518,0.0957980358088389,42.034165163040164
8000,1401,274.6,51.21171740920236,236.7,119,509.24513936042786,5.623440203666687,3.717743619680405,0.919104887843132,0.02857430317591934,0.8226772364974022,0.6842619157582521,-29.731613359451295,6.651451758146286,32.4551499080658,0.9979913613200188,28.628532733917236,0.23684100411832332,0.08252445552498103,40.71047694206238
9000,1601,167.0,20.5621010599598,257.9,123,569.49977850914,5.61995991230011,3.7075103759765624,0.919059825539589,0.02239876055144123,0.8000283589959145,0.750568394958973,-33.86623035430908,5.773194676637649,37.013451194763185,0.9985513460636138,33.41924860954285,0.35736736983060835,0.06115021525416523,38.842640495300294
10000,1801,197.6,39.55047408059731,233.4,127,677.6934680938721,5.617856690883636,3.7077138233184814,0.9190862876176834,0.022073595303518233,0.8230181789398193,0.649553380087018,-37.85704495429993,5.027757624387741,41.17842329025269,0.9983701089024544,37.86617364883423,0.39068165510892866,0.08232829947955907,36.47431022644043
11000,2001,146.4,16.19382598399773,216.9,132,812.7389914989471,5.61388640165329,3.7021436536312105,0.9190861263871193,0.01655738833182113,0.8191214388608933,0.5485148816555738,-41.772169246673585,4.3999462938308715,45.339776096343996,0.9980640757083893,42.21288661956787,0.41099214285612107,0.08793279134202749,33.99254015922546
12000,2201,197.0,21.624060673240816,226.6,137,963.5961246490479,5.6152371048927305,3.707741770744324,0.9190751236677169,0.01609563246845937,0.8258493772149086,0.6063905397802591,-45.42115463256836,3.776275871992111,49.172591285705565,0.9983059391379356,46.25494953155518,0.4266874466836452,0.10121801802422851,31.031436605453493
13000,2401,232.0,39.1509897703749,210.0,141,1100.2470762729645,5.610812571048736,3.7000843799114227,0.918988798558712,0.016014909445293598,0.7934165006875992,0.4079940863326192,-49.34771556854248,3.178998332619667,53.68066566467285,0.999011963903904,51.1960933303833,0.40752421990036963,0.10222275841981172,27.97230637073517
14000,2601,330.8,70.39715903358601,184.1,147,1260.9909591674805,5.612931940555573,3.702227348089218,0.9189836466312409,0.013430468395745266,0.8017100873589516,0.677925021648407,-52.795572452545166,2.8488592767715453,57.20796598434448,0.9989744102954865,54.871888313293454,0.43120638638734815,0.25675640169996766,24.88309958934784
15000,2801,153.4,9.068627239003707,177.6,152,1386.010085105896,5.607968103885651,3.6988236689567566,0.9189789280295372,0.009881695322692395,0.8168577927350998,0.42792779989540575,-56.066491355896,2.536729544401169,60.62914615631104,0.9989316111803055,58.595306644439695,0.4233414068818092,0.16149376617744565,21.50966562837362
16000,3001,135.4,10.131140113531153,208.7,157,1519.1682472229004,5.610676047801971,3.695212836265564,0.9189881631731986,0.012802273536162829,0.8004381969571114,0.563977421298623,-59.36830442428589,2.348018055558205,63.9576114654541,0.9983928355574608,62.051765842437746,0.45930384054780005,0.13097016074694692,19.84550362110138
17000,3201,198.6,5.0039984012787215,231.7,160,1629.2057299613953,5.610010290145874,3.6935087060928344,0.9189680328965187,0.014114243233725574,0.8013253483176231,0.4843964777886868,-61.93773056030273,2.173131783604622,67.04722955703735,0.9989268183708191,65.56822660446167,0.35118319049477575,0.26870134817901997,17.269728713035583
18000,3401,138.4,10.403845442911962,272.5,164,1721.705842256546,5.610624423027039,3.6928019177913667,0.9189596265554428,0.008453309010883458,0.822298852801323,0.538608712553978,-64.71758470535278,2.080397289395332,69.94420757293702,0.999233691394329,68.69066982269287,0.39184430733323095,0.24733565190108492,15.978925623893737
19000,3601,213.0,76.08679254640715,256.7,169,1813.582486152649,5.605831968784332,3.6912216579914094,0.9189559426903725,0.007080653391030864,0.849898339509964,0.3481907168775797,-66.17058418273926,1.9915100413560867,71.60743576049805,0.9993187281489372,70.66620450973511,0.4328271280229092,0.20446556750684977,13.772916495800018
20000,3801,331.0,53.33666656250651,108.6,178,1909.7371785640717,5.616375849246979,3.6958342373371122,0.9189565482735634,0.022438019313876793,0.7885371720790864,0.5937360242009163,-68.56019569396973,2.016427364349365,74.00582143783569,0.9994103130698204,73.19411632537842,0.3715083573013544,0.251135341366753,13.30464927315712
